Terawatt-hours,1965,1966,1967,1968,1969,1970,1971,1972,1973,1974,1975,1976,1977,1978,1979,1980,1981,1982,1983,1984,1985,1986,1987,1988,1989,1990,1991,1992,1993,1994,1995,1996,1997,1998,1999,2000,2001,2002,2003,2004,2005,2006,2007,2008,2009,2010,2011,2012,2013,2014,2015,2016,2017,2018,2019,2020,2021,2021,2011-21,2021
,,,,,,,,,,,,,,,,,,,,,,,,,,,,,,,,,,,,,,,,,,,,,,,,,,,,,,,,,,,,
Canada,-,-,-,-,-,-,-,-,-,-,-,0.7,1.1,1.1,1.3,1.3,1.9,2.1,2.1,2.3,1.7,1.9,2.3,2.5,3.5,4,4,4.5,4.8,5.7,7.1,7.5,8.2,9,8.9,8.9,9.7,10,9.4,9.8,9.2,8.9,9,8,8.9,10.3,10.2,10.9,11,9.8,10,11.4,10.9,10.5,10.3,9.4,9.7,3.60%,-0.50%,1.30%
Mexico,-,-,-,-,-,-,-,-,0.2,0.5,0.5,0.6,0.6,0.6,1,0.9,1,1.3,1.4,1.4,1.6,3.4,4.4,4.6,4.7,5.1,5.8,6.4,6.5,6.2,6.4,6.2,5.9,6.1,6.1,6.4,6.2,6.1,6.9,7.3,8.1,7.5,8.2,7.9,7.5,7.4,7.4,6.8,7.3,7.1,7.6,7.6,8.1,7.6,7.5,7,6.9,-1.60%,-0.60%,0.90%
US,13.3,14.1,14.1,15.5,16.2,16.2,16.6,18.7,20,20.4,19.8,22.6,23.5,24.7,25.8,26.7,27.4,26.4,29.8,35.6,36.4,38.7,42.7,42.4,48.9,57.5,60.6,64.8,66.9,66.4,63.3,64.8,65.8,65.6,66.5,66.6,66.8,71.8,71.3,71.9,72.6,73.1,73.9,73.6,73.2,75.1,75.8,77,80.7,84.1,83.7,82.7,82.8,81.9,76.8,74.3,75.5,1.90%,♦,9.90%
Total North America,13.3,14.1,14.1,15.5,16.2,16.2,16.6,18.7,20.2,20.9,20.3,23.9,25.2,26.4,28.1,28.9,30.2,29.8,33.2,39.4,39.7,44,49.4,49.5,57,66.5,70.4,75.6,78.2,78.3,76.8,78.5,79.9,80.7,81.5,81.9,82.8,87.9,87.7,89,89.9,89.5,91.1,89.4,89.6,92.8,93.4,94.7,99,101,101.4,101.7,101.8,100.1,94.6,90.7,92.1,1.80%,-0.10%,12.10%
,,,,,,,,,,,,,,,,,,,,,,,,,,,,,,,,,,,,,,,,,,,,,,,,,,,,,,,,,,,,
Argentina,-,-,-,-,-,0.1,0.1,0.1,0.1,0.1,0.1,0.1,0.1,0.1,0.1,0.1,0.1,0.1,0.2,0.1,0.1,0.1,0.1,0.1,0.1,0.1,0.1,0.1,0.1,0.1,0.1,0.2,0.2,0.2,0.3,0.4,0.4,0.5,0.9,0.9,0.9,1,1.1,1.2,1.2,1.4,1.4,1.5,1.6,1.5,1.5,1.1,1.4,1.6,1.6,2.3,2.1,-6.80%,4.00%,0.30%
Brazil,-,-,-,-,-,0.5,0.6,0.7,0.8,0.8,0.9,0.9,1.1,1.3,1.8,1.8,1.9,2.2,3,2.9,3.1,3.2,3.6,3.3,3.4,3.9,4,4.9,5,5.4,5.6,6.8,7.4,7.5,8.4,7.9,9,10.2,11.9,12.5,13.6,14.8,18.1,19.8,22.9,31.9,32.6,35.8,41,47.1,49.9,51.3,52.9,54.4,54.9,58.7,55,-6.20%,5.40%,7.20%
Chile,-,-,-,-,-,-,0.1,0.1,0.1,^,0.1,0.1,0.1,0.1,0.1,0.1,0.1,0.1,0.2,0.2,0.2,0.3,0.3,0.3,0.3,1,1,1.7,1.8,1.8,1.9,1.7,1.7,1.2,1.5,1.4,1.7,1.8,1.7,2,1.8,1.4,2.7,3.6,3.4,3.4,4.3,6,6.9,5,5.6,6.7,7.4,9.2,9.5,8.7,8.5,-3.00%,7.00%,1.10%
Colombia,-,-,-,-,-,-,-,-,-,-,0.2,0.2,0.2,0.2,0.2,0.2,0.2,0.2,0.2,0.3,0.3,0.3,0.3,0.3,0.3,0.3,0.3,0.3,0.4,0.4,0.5,0.5,0.5,0.5,0.5,0.5,0.5,0.5,0.5,0.5,0.5,0.5,0.5,0.5,1,1.1,1.4,1.5,1.3,1.7,1.8,2,2,2.1,2.4,2.8,2.8,0.30%,7.40%,0.40%
Ecuador,-,-,-,-,-,-,-,-,-,-,-,-,-,-,-,-,-,-,-,-,-,-,-,-,-,-,-,-,-,-,-,-,-,-,-,-,-,-,-,^,0.1,0.1,0.2,0.2,0.2,0.2,0.3,0.3,0.3,0.4,0.4,0.5,0.4,0.4,0.5,0.5,0.4,-11.60%,4.10%,0.10%
Peru,-,-,-,-,-,-,0.2,0.2,0.2,0.3,0.3,0.2,0.2,0.2,0.2,0.1,0.1,0.2,0.1,0.1,0.2,0.2,0.1,0.1,0.1,0.1,0.1,0.1,0.1,0.1,0.1,0.1,0.2,0.1,0.1,0.2,0.2,0.2,0.2,0.2,0.3,0.3,0.4,0.5,0.5,0.7,0.7,0.7,1,1.3,0.9,0.3,0.4,0.5,0.5,0.5,0.6,13.70%,-1.50%,0.10%
Trinidad & Tobago,-,-,-,-,-,-,^,^,^,^,^,^,^,^,^,^,^,^,^,^,^,^,^,^,^,^,^,^,^,^,^,^,^,^,^,^,^,^,^,^,^,^,^,^,^,-,-,-,-,-,-,-,-,-,-,-,-,-,-,♦
Venezuela,-,-,-,-,-,-,-,-,-,-,-,-,-,-,-,-,-,-,-,-,-,-,-,-,-,-,-,-,-,-,-,-,-,-,-,-,-,-,-,-,-,-,-,-,-,-,-,-,-,-,-,-,^,^,^,^,^,♦,-,♦
Central America,-,-,-,-,-,-,0.1,0.1,0.1,0.2,0.3,0.7,0.7,0.8,0.6,0.7,1.1,1.2,1,1.2,0.9,0.9,0.9,0.9,1.2,1.2,1.3,1.8,1.7,1.7,1.8,1.7,1.9,1.6,2.4,2.8,3.1,3.3,3.5,3.7,4,4.3,4.8,5,5.3,5.9,5.9,6.7,7.2,7.7,7.8,8.6,8.3,9,10.1,9.7,10,3.80%,5.40%,1.30%
Other Caribbean,-,-,-,-,-,-,1,0.8,1,1,1,1.1,1.2,1.3,1.3,1.3,1.3,1.4,1.5,1.3,1.2,1.3,1.3,1.4,1.4,1.6,1.4,1.5,1.1,1.1,1,1.2,1.2,1,1.2,1.3,1.3,1.2,1,1.1,0.8,0.8,0.8,0.9,0.9,0.8,0.8,1,1.1,0.9,1,1,1.1,1,1.2,1.2,1.3,3.30%,4.30%,0.20%
Other South America,-,-,-,-,-,-,0.1,0.1,0.1,0.1,0.1,0.1,0.1,0.1,0.1,0.1,0.1,0.1,0.1,0.1,0.1,0.1,0.1,0.1,0.1,0.1,0.1,0.1,0.1,0.1,0.1,0.1,0.1,0.1,0.1,0.1,0.1,0.1,0.1,0.1,0.1,0.1,0.3,1,1.1,1.3,1.3,1.5,1.7,2.2,2.8,2.8,2.9,2.8,2.9,3.1,3.3,6.00%,9.40%,0.40%
Total S. & Cent. America,-,-,-,-,-,0.6,2.2,2.1,2.3,2.4,2.9,3.4,3.7,4.1,4.4,4.4,4.9,5.5,6.4,6.2,6.1,6.3,6.7,6.6,6.9,8.3,8.4,10.7,10.3,10.8,11.1,12.5,13.1,12.3,14.5,14.6,16.2,17.9,19.8,20.9,22.2,23.6,28.8,32.6,36.5,46.8,48.8,54.8,62.1,67.8,71.7,74.4,76.9,81,83.7,87.6,84,-3.90%,5.60%,11.00%
,,,,,,,,,,,,,,,,,,,,,,,,,,,,,,,,,,,,,,,,,,,,,,,,,,,,,,,,,,,,
Austria,-,-,-,-,-,-,-,-,-,-,-,-,-,-,-,-,-,-,-,-,0.9,1.3,0.9,1,1.1,1.1,1.2,1.3,1.4,1.2,1.9,1.6,1.7,1.8,1.6,1.5,1.7,1.5,1.7,2.1,2.4,3.3,4.1,4.2,4.3,4.5,4.6,4.7,4.7,4.6,4.7,4.8,4.9,4.9,4.7,4.6,4.4,-4.30%,-0.40%,0.60%
Belgium,-,-,-,-,-,-,-,-,0.1,0.1,0.1,0.1,0.2,0.3,0.3,0.3,0.3,^,^,^,0.1,0.1,0.1,0.2,0.2,0.3,0.3,0.3,0.2,0.2,0.3,0.3,0.3,0.4,0.5,0.6,0.6,0.7,0.9,1,1.6,2.2,2.6,3.3,3.9,4.3,4.7,5.2,5,4.4,5.5,5.4,5.7,5.4,5.2,5.3,4.9,-6.50%,0.50%,0.60%
Bulgaria,-,-,-,-,-,-,-,-,-,-,-,-,-,-,-,-,-,-,-,-,-,-,-,-,-,-,-,-,-,-,-,-,-,-,-,-,-,-,-,-,-,-,-,^,^,^,0.1,0.1,0.1,0.2,0.3,0.4,0.4,1.6,1.8,1.7,1.7,♦,40.60%,0.20%
Croatia,-,-,-,-,-,-,-,-,-,-,-,-,-,-,-,-,-,-,-,-,-,-,-,-,-,-,-,^,^,^,^,^,^,^,^,^,-,-,-,^,^,^,^,^,^,^,0.1,0.1,0.1,0.2,0.3,0.4,0.5,0.7,1,1.1,1.2,10.90%,35.90%,0.20%
Cyprus,-,-,-,-,-,-,-,-,-,-,-,-,-,-,-,-,-,-,-,-,-,-,-,-,-,-,-,-,-,-,-,-,-,-,-,-,-,-,-,-,-,^,^,^,^,^,0.1,^,^,0.1,0.1,0.1,0.1,0.1,0.1,0.1,^,-30.80%,-2.10%,♦
Czech Republic,-,-,-,-,-,-,-,-,-,-,-,-,-,-,-,-,-,-,-,-,-,-,-,-,-,-,-,-,0.2,0.3,0.4,0.3,0.5,0.6,0.7,0.5,0.5,0.5,0.5,0.6,0.6,0.9,1.2,1.5,1.9,2.1,2.7,3.4,4,4.7,4.8,4.8,5,4.8,5,5.1,5.3,3.50%,6.90%,0.70%
Denmark,-,-,-,-,-,-,-,-,-,-,-,-,-,-,-,-,-,-,^,^,^,0.1,0.1,0.1,0.1,0.2,0.4,0.5,0.7,0.6,0.6,0.8,1,1.1,1.3,1.3,1.5,1.9,2.5,2.9,3.2,3.1,3.1,3.1,3.3,4.6,4.4,4.4,4.3,4.3,4.2,4.8,6.2,5.9,5.9,5.9,8.7,47.80%,7.20%,1.10%
Estonia,-,-,-,-,-,-,-,-,-,-,-,-,-,-,-,-,-,-,-,-,-,-,-,-,-,-,-,-,-,-,^,^,^,^,^,^,^,^,^,^,^,^,^,^,0.3,0.7,0.8,1,0.7,0.7,0.8,0.9,1,1.3,1.3,1.8,2.1,19.40%,10.50%,0.30%
Finland,-,-,-,-,-,-,-,-,-,-,-,-,-,-,-,-,-,-,-,-,-,-,-,-,-,5.2,5,5,6,6.5,6.6,5.9,7.9,9.3,8.4,8.6,8.2,8.9,9.3,10.4,9.5,10.8,9.9,10.4,8.7,11,11.2,11.1,11.9,11.7,11.3,11.4,11.8,12.8,13.2,11.5,13.6,18.70%,2.00%,1.80%
France,-,0.4,0.6,0.9,1.1,1.4,1.4,1.5,1.6,1.6,1.4,1.3,1.4,1.4,1.5,1.5,1.5,1.5,1.6,1.6,1.7,1.7,1.8,1.8,1.8,1.9,2.1,2.1,2,2.2,2.3,2.4,2.7,2.7,2.9,3,3.3,3.5,3.7,3.8,3.9,3.8,4.2,4.4,4.6,4.9,5.5,6.3,7.8,8.3,8.8,9.6,10.3,10.6,10.7,10.7,11.2,5.20%,7.40%,1.50%
Germany,-,-,-,-,-,0.9,1,1,1.1,1.1,1.1,1.3,1.2,1.3,1.4,2,1.8,1.8,1.5,1.6,1.6,1.6,1.4,1.6,1.7,1.4,1.5,1.6,1.7,1.9,2,2.1,2.3,2.7,2.9,3.4,5.2,6.4,8.9,10.6,14.7,18.9,24.6,28,30.9,34,36.9,43.2,45.6,48.4,50.5,51.1,51.1,51,50.3,51.1,50.9,-0.10%,3.30%,6.70%
Greece,-,-,-,-,-,-,-,-,-,-,-,-,-,-,-,-,-,-,-,-,-,-,-,-,-,-,-,^,^,^,^,-,-,-,^,-,0.1,0.1,0.1,0.1,0.1,0.1,0.2,0.2,0.2,0.2,0.2,0.2,0.2,0.2,0.2,0.3,0.3,0.3,0.4,0.5,0.2,-60.80%,-1.50%,♦
Hungary,-,-,-,-,-,-,-,-,-,-,-,-,-,-,-,-,-,-,-,-,-,-,-,-,-,^,^,^,^,^,0.1,^,0.1,0.1,0.1,0.1,0.1,^,0.2,0.7,1.7,1.3,1.6,1.9,2.3,2.3,1.9,1.7,1.8,2.1,2.2,2.1,2.2,2.3,2.2,2.2,2.2,2.40%,1.80%,0.30%
Iceland,-,-,-,-,^,^,^,^,^,^,^,^,^,^,^,^,0.1,0.2,0.2,0.2,0.2,0.2,0.2,0.2,0.3,0.3,0.3,0.2,0.3,0.3,0.3,0.3,0.4,0.7,1.1,1.3,1.5,1.4,1.4,1.5,1.7,2.6,3.6,4,4.6,4.5,4.7,5.2,5.2,5.2,5,5.1,5.2,6,6,6,5.8,-2.60%,2.10%,0.80%
Ireland,-,-,-,-,-,-,-,-,-,-,-,-,-,-,-,-,-,-,-,-,-,-,-,-,-,-,-,-,-,-,-,^,0.1,0.1,0.1,0.1,0.1,0.1,0.1,0.1,0.1,0.1,0.2,0.2,0.3,0.3,0.3,0.4,0.5,0.5,0.5,0.7,0.7,0.8,0.9,0.9,1,3.60%,11.20%,0.10%
Italy,2.7,3.4,3.5,3.6,3.8,4.2,4.2,3.8,3.8,4.2,4,3.8,3.7,3.8,3.8,4,3.5,3.5,3.4,3.5,3.2,3.5,3.7,3.8,3.2,3.3,3.3,3.6,3.8,3.6,3.7,4.1,4.5,5,5.5,6.1,6.3,7.4,8.7,9.7,10,10.6,10.8,11.5,12.9,14.8,16.5,18.1,22.7,24.6,25.6,25.8,25.6,25.3,25.6,25.7,25.8,0.70%,4.60%,3.40%
Latvia,-,-,-,-,-,-,-,-,-,-,-,-,-,-,-,-,-,-,-,-,-,-,-,-,-,-,-,-,-,-,-,-,-,-,-,-,^,^,^,^,^,^,^,^,^,0.1,0.1,0.3,0.5,0.7,0.8,0.8,0.9,0.9,0.9,0.9,0.8,-4.80%,21.20%,0.10%
Lithuania,-,-,-,-,-,-,-,-,-,-,-,-,-,-,-,-,-,-,-,-,-,-,-,-,-,-,-,-,-,-,-,-,-,-,-,-,^,^,^,^,^,^,0.1,0.1,0.1,0.1,0.2,0.2,0.4,0.4,0.4,0.4,0.5,0.5,0.5,0.6,0.6,-6.50%,13.40%,0.10%
Luxembourg,-,-,-,-,-,-,-,-,-,-,-,-,^,^,^,^,^,^,^,^,^,^,^,^,^,^,^,^,^,^,^,^,^,^,^,^,^,^,^,^,^,0.1,0.1,0.1,0.1,0.1,0.1,0.1,0.1,0.1,0.1,0.1,0.2,0.2,0.3,0.4,0.4,5.10%,15.40%,0.10%
Netherlands,-,-,-,-,-,-,-,-,-,-,0.8,0.9,0.9,1.2,1.1,1,1.1,0.3,0.2,^,0.4,0.6,0.7,0.8,0.9,0.7,0.8,0.8,0.9,0.9,1,1.3,1.5,1.6,1.8,2,2.4,2.9,2.5,3.3,5.3,5.2,4,5.1,6.1,7.1,7.1,7.2,6,5,4.9,4.9,4.6,4.6,5.8,8.8,10.8,22.40%,4.30%,1.40%
North Macedonia,-,-,-,-,-,-,-,-,-,-,-,-,-,-,-,-,-,-,-,-,-,-,-,-,-,-,-,-,-,-,-,-,-,-,-,-,-,-,-,-,-,-,-,-,-,-,-,-,-,-,^,^,0.1,0.1,0.1,0.1,0.1,-5.80%,-,♦
Norway,-,-,-,-,-,-,-,-,-,-,-,-,-,-,-,-,-,-,-,-,^,^,^,^,^,0.2,0.2,0.2,0.2,0.3,0.3,0.3,0.2,0.3,0.3,0.3,0.3,0.3,0.3,0.4,0.3,0.4,0.4,0.4,0.2,0.3,0.3,0.3,0.4,0.3,0.3,0.2,0.2,0.2,0.3,0.3,0.3,♦,-2.90%,♦
Poland,^,^,^,^,0.1,0.1,0.1,0.2,0.2,0.2,0.2,0.2,0.3,0.3,0.2,0.2,0.3,0.3,0.4,0.3,0.4,0.4,0.2,0.1,0.1,0.1,0.1,0.1,0.1,0.1,0.1,0.1,0.2,0.2,0.2,0.2,0.4,0.4,0.5,0.9,1.5,2,2.6,3.6,5.2,6.3,7.6,10.1,8.6,10,9.7,8,6.5,6.5,7.7,7.5,7.6,1.30%,♦,1.00%
Portugal,0.2,0.2,0.2,0.2,0.3,0.2,0.1,0.1,0.2,0.2,0.2,0.2,0.2,0.2,0.3,0.3,0.3,0.4,0.4,0.4,0.5,0.6,0.6,0.7,0.7,0.7,0.8,0.9,0.9,1,1,1,1.1,1.1,1.2,1.4,1.5,1.6,1.5,1.6,1.7,1.8,2.1,2,2.3,2.8,3.1,3.1,3.2,3.3,3.3,3.2,3.4,3.4,3.6,4,3.7,-6.40%,1.80%,0.50%
Romania,-,-,-,-,-,-,-,-,-,-,-,-,-,-,-,-,-,-,-,-,-,-,-,-,-,^,-,^,^,-,-,-,^,^,-,-,-,^,^,^,^,^,^,^,^,0.1,0.2,0.2,0.3,0.5,0.5,0.5,0.5,0.4,0.5,0.5,0.7,30.00%,13.60%,0.10%
Slovakia,-,-,-,-,-,-,-,-,-,-,-,-,-,-,-,-,-,-,-,-,-,-,-,-,-,-,-,-,-,-,-,-,-,-,-,-,0.2,0.2,0.1,^,^,0.4,0.5,0.5,0.5,0.7,0.8,0.9,0.9,1.4,1.7,1.7,1.7,1.6,1.7,1.7,2,22.60%,9.60%,0.30%
Slovenia,-,-,-,-,-,-,-,-,-,-,-,-,-,-,-,-,-,-,-,-,-,-,-,-,-,-,-,-,-,-,-,-,-,-,^,0.1,0.1,0.1,0.1,0.1,0.1,0.1,0.1,0.3,0.2,0.2,0.3,0.3,0.3,0.3,0.3,0.3,0.3,0.3,0.3,0.3,0.3,7.90%,1.70%,♦
Spain,-,-,-,-,-,^,0.1,0.1,0.1,0.1,0.1,0.2,0.3,0.3,0.3,0.4,0.4,0.5,0.6,0.6,0.6,0.5,0.6,0.7,0.6,0.5,0.5,0.6,0.6,0.6,1,1.1,1.5,1.5,1.7,1.5,1.6,2.6,3.2,3.3,2.7,2.8,2.9,3.3,3.4,3.8,4.5,5,5.3,5.4,5.8,5.7,6.1,6.2,5.6,6.1,6.6,8.10%,3.90%,0.90%
Sweden,-,-,-,-,-,0.1,0.2,0.2,0.4,0.4,0.3,0.4,0.4,0.3,0.3,0.7,0.9,1,1.4,1.8,1.8,2,2,2,2.2,1.9,1.9,2,2.2,2.2,2.4,2.1,2.8,2.8,2.7,4.1,3.8,4.2,4.5,7.2,7.5,8.4,9.8,10.3,11.5,12.2,11.5,12.2,11.5,10.7,10.8,11.5,12.1,11.9,13,11.2,13.3,19.60%,1.50%,1.70%
Switzerland,-,-,-,-,-,-,-,-,-,-,-,-,-,0.1,0.3,0.2,0.4,0.4,0.4,0.4,0.4,0.5,0.5,0.5,0.5,0.4,0.4,0.5,0.5,0.6,0.6,0.6,0.7,0.7,0.7,0.8,0.9,0.9,0.9,1,1,1.1,1.2,1.2,1.2,1.3,1.4,1.5,1.6,1.7,1.6,1.7,1.8,1.8,1.9,2,1.9,-1.80%,3.40%,0.30%
Turkey,0.1,0.1,0.2,0.2,0.2,0.2,0.2,0.2,0.2,0.2,0.2,0.2,0.2,0.1,0.1,0.1,0.1,-,-,^,^,^,0.1,0.1,0.1,0.1,0.1,0.1,0.1,0.1,0.3,0.3,0.4,0.3,0.2,0.2,0.3,0.2,0.2,0.2,0.1,0.1,0.3,0.3,0.7,1,1,1.5,2.2,3.4,4.7,7.2,9.1,11.1,13.6,15.8,18.7,19.10%,33.60%,2.50%
Ukraine,-,-,-,-,-,-,-,-,-,-,-,-,-,-,-,-,-,-,-,-,-,-,-,-,-,-,-,-,-,-,-,-,-,-,-,-,-,-,-,-,-,-,0.3,0.3,0.1,0.2,0.1,0.1,0.1,0.1,0.1,0.1,0.2,0.3,0.4,0.8,0.8,3.30%,19.20%,0.10%
United Kingdom,-,-,-,-,-,-,-,-,-,-,-,-,-,-,-,-,-,-,-,-,-,-,-,-,-,0.6,0.7,0.9,1.2,1.5,1.6,1.8,2.1,2.7,3.4,3.9,4.5,5.1,6.2,7.4,9.1,9.3,9.3,9.6,10.7,12.3,13.3,14.7,18.1,22.6,29.3,30.1,31.9,35,37.3,39.3,40,2.00%,11.60%,5.20%
Other Europe,-,-,-,-,-,-,-,-,-,-,-,-,-,-,-,-,-,-,-,-,-,-,-,-,-,-,-,-,-,-,-,^,^,^,^,^,^,^,^,^,^,^,^,^,^,^,^,0.1,0.1,0.1,0.1,0.1,0.1,0.2,0.2,0.3,0.3,26.90%,22.60%,♦
Total Europe,3,4.1,4.5,5,5.4,7.1,7.2,7.1,7.7,8,8.5,8.5,8.9,9.4,9.8,10.7,10.8,9.8,10.1,10.5,11.9,13,12.9,13.7,13.5,19,19.6,20.7,22.9,24,26.5,26.7,31.7,35.6,37.5,41,44.9,51,58.1,69,79,89.5,99.7,110.1,120.8,136.9,146.2,163,174.3,186.2,198.9,204.2,211.3,218.9,228,234.4,247.9,6.10%,5.40%,32.50%
,,,,,,,,,,,,,,,,,,,,,,,,,,,,,,,,,,,,,,,,,,,,,,,,,,,,,,,,,,,,
Azerbaijan,-,-,-,-,-,-,-,-,-,-,-,-,-,-,-,-,-,-,-,-,-,-,-,-,-,-,-,-,-,-,-,-,-,-,-,-,-,-,-,-,-,-,-,-,-,-,-,-,0.1,0.1,0.1,0.1,0.1,0.1,0.1,0.1,0.1,-3.40%,-,♦
Belarus,-,-,-,-,-,-,-,-,-,-,-,-,-,-,-,-,-,-,-,-,-,-,-,-,-,-,-,-,-,-,-,-,-,-,-,-,-,-,-,-,-,^,^,^,0.1,0.1,0.1,0.1,0.1,0.1,0.1,0.1,0.1,0.1,0.1,0.3,0.3,♦,10.90%,♦
Kazakhstan,-,-,-,-,-,-,-,-,-,-,-,-,-,-,-,-,-,-,-,-,-,-,-,-,-,-,-,-,-,-,-,-,-,-,-,-,-,-,-,-,-,-,-,-,-,-,-,-,-,-,^,^,^,^,^,^,^,-29.80%,-,♦
Russian Federation,-,-,-,-,-,-,-,-,-,-,-,-,-,-,-,-,-,-,-,-,-,-,-,-,-,0.1,0.1,0.1,0.1,0.1,0.1,0.1,0.1,0.1,0.1,0.1,0.1,0.2,0.4,0.4,0.5,0.5,0.5,0.5,0.5,0.5,0.6,0.5,0.5,0.6,0.5,0.4,0.5,0.5,0.5,0.5,0.5,1.30%,-0.70%,0.10%
Turkmenistan,-,-,-,-,-,-,-,-,-,-,-,-,-,-,-,-,-,-,-,-,-,-,-,-,-,-,-,-,-,-,-,-,-,-,-,-,-,-,-,-,-,-,-,-,-,-,-,-,-,-,-,-,-,-,-,-,-,-,-,♦
USSR,-,-,-,-,-,-,-,-,-,-,-,-,-,-,-,-,-,-,-,-,-,-,-,-,-,-,-,-,-,-,-,-,-,-,-,-,-,-,-,-,-,-,-,-,-,-,-,-,-,-,-,-,-,-,-,-,-,-,-,♦
Uzbekistan,-,-,-,-,-,-,-,-,-,-,-,-,-,-,-,-,-,-,-,-,-,-,-,-,-,-,-,-,-,-,-,-,-,-,-,-,-,-,-,-,-,-,-,-,-,-,-,-,-,-,-,-,-,-,-,-,-,-,-,♦
Other CIS,-,-,-,-,-,-,-,-,-,-,-,-,-,-,-,-,-,-,-,-,-,-,-,-,-,-,-,-,-,-,-,-,-,-,-,-,-,-,-,-,-,-,-,-,-,-,-,-,^,^,^,^,^,^,^,^,^,-3.80%,-,♦
Total CIS,-,-,-,-,-,-,-,-,-,-,-,-,-,-,-,-,-,-,-,-,-,-,-,-,-,0.1,0.1,0.1,0.1,0.1,0.1,0.1,0.1,0.1,0.1,0.1,0.1,0.2,0.4,0.4,0.5,0.5,0.5,0.5,0.6,0.6,0.7,0.6,0.6,0.7,0.7,0.6,0.7,0.7,0.8,0.9,0.9,♦,3.40%,0.10%
,,,,,,,,,,,,,,,,,,,,,,,,,,,,,,,,,,,,,,,,,,,,,,,,,,,,,,,,,,,,
Iran,-,-,-,-,-,-,-,-,-,-,-,-,-,-,-,-,-,-,-,-,-,-,-,-,-,-,-,-,-,-,-,-,-,-,-,-,-,-,-,-,-,-,-,-,^,^,^,^,^,^,^,^,^,^,^,^,^,♦,-7.00%,♦
Iraq,-,-,-,-,-,-,-,-,-,-,-,-,-,-,-,-,-,-,-,-,-,-,-,-,-,-,-,-,-,-,-,-,-,-,-,-,-,-,-,-,-,-,-,-,-,-,-,-,-,-,-,-,-,-,-,-,-,-,-,♦
Israel,-,-,-,-,-,-,-,-,-,-,-,-,-,-,-,-,-,-,-,-,-,-,-,-,-,-,-,-,-,-,-,-,-,-,-,-,-,-,-,-,-,-,-,^,^,0.1,0.1,0.1,^,0.1,0.1,0.2,0.2,0.2,0.2,0.2,0.2,22.30%,13.00%,♦
Kuwait,-,-,-,-,-,-,-,-,-,-,-,-,-,-,-,-,-,-,-,-,-,-,-,-,-,-,-,-,-,-,-,-,-,-,-,-,-,-,-,-,-,-,-,-,-,-,-,-,-,-,-,-,-,-,-,-,-,-,-,♦
Oman,-,-,-,-,-,-,-,-,-,-,-,-,-,-,-,-,-,-,-,-,-,-,-,-,-,-,-,-,-,-,-,-,-,-,-,-,-,-,-,-,-,-,-,-,-,-,-,-,-,-,-,-,-,-,-,-,-,-,-,♦
Qatar,-,-,-,-,-,-,-,-,-,-,-,-,-,-,-,-,-,-,-,-,-,-,-,-,-,-,-,-,-,-,-,-,-,-,-,-,-,-,-,-,-,-,-,-,-,-,0.1,0.1,0.1,0.1,0.1,0.1,0.1,0.1,0.1,0.1,0.1,♦,♦,♦
Saudi Arabia,-,-,-,-,-,-,-,-,-,-,-,-,-,-,-,-,-,-,-,-,-,-,-,-,-,-,-,-,-,-,-,-,-,-,-,-,-,-,-,-,-,-,-,-,-,-,-,-,-,-,-,-,-,-,-,-,-,-,-,♦
United Arab Emirates,-,-,-,-,-,-,-,-,-,-,-,-,-,-,-,-,-,-,-,-,-,-,-,-,-,-,-,-,-,-,-,-,-,-,-,-,-,-,-,-,-,-,-,-,-,-,-,-,^,^,^,^,^,^,^,^,^,♦,-,♦
Other Middle East,-,-,-,-,-,-,-,-,-,-,-,-,-,-,-,-,-,-,-,-,-,-,-,-,-,-,-,-,-,-,-,-,-,-,-,^,^,^,^,^,^,^,^,^,^,^,^,^,^,^,^,^,^,^,^,^,^,♦,17.00%,♦
Total Middle East,-,-,-,-,-,-,-,-,-,-,-,-,-,-,-,-,-,-,-,-,-,-,-,-,-,-,-,-,-,-,-,-,-,-,-,^,^,^,^,^,^,^,^,^,0.1,0.1,0.2,0.2,0.2,0.3,0.2,0.3,0.3,0.3,0.4,0.4,0.4,12.20%,6.70%,0.10%
,,,,,,,,,,,,,,,,,,,,,,,,,,,,,,,,,,,,,,,,,,,,,,,,,,,,,,,,,,,,
Algeria,-,-,-,-,-,-,-,-,-,-,-,-,-,-,-,-,-,-,-,-,-,-,-,-,-,-,-,-,-,-,-,-,-,-,-,-,-,-,-,-,-,-,-,-,-,-,-,-,-,-,-,-,-,-,-,-,-,-,-,♦
Egypt,-,-,-,-,-,-,-,-,-,-,-,-,-,-,-,-,-,-,-,-,-,-,-,-,-,-,-,-,-,-,-,-,-,-,-,-,-,-,-,-,-,-,-,-,-,-,-,-,-,-,-,-,-,-,-,-,-,-,-,♦
Morocco,-,-,-,-,-,-,-,-,-,-,-,-,-,-,-,-,-,-,-,-,-,-,-,-,-,-,-,-,-,-,-,-,-,-,-,-,-,-,-,-,-,-,-,-,-,-,-,-,-,-,-,-,-,-,-,-,-,-,-,♦
South Africa,-,-,-,-,-,-,-,-,-,-,-,-,-,-,-,-,-,-,-,-,-,-,-,-,-,-,-,-,-,-,-,0.1,0.1,0.2,0.2,0.5,0.4,0.5,0.4,0.4,0.4,0.4,0.4,0.5,0.4,0.4,0.4,0.4,0.5,0.4,0.3,0.3,0.4,0.4,0.4,0.4,0.4,♦,0.50%,0.10%
Eastern Africa,-,-,-,-,-,-,0.1,0.1,0.1,0.1,0.1,0.1,0.1,0.2,0.2,0.2,0.2,0.2,0.2,0.2,0.2,0.6,0.6,0.6,0.6,0.7,0.7,0.7,0.7,0.6,0.7,0.9,0.9,1.1,1.1,1.5,1.6,1.5,1.9,2.2,2.2,2.3,2.2,2.3,2.7,2.9,2.9,3.1,3.4,4.6,6.3,6.4,6.7,7.3,7.3,7.1,7.1,-0.30%,9.20%,0.90%
Middle Africa,-,-,-,-,-,-,-,-,-,-,-,-,-,-,-,-,-,-,-,-,-,-,-,-,-,^,^,^,^,^,^,^,^,^,^,^,^,^,^,^,^,0.7,0.1,0.1,0.1,0.1,0.1,0.1,0.1,0.1,^,^,^,0.1,0.1,0.1,0.1,♦,-2.80%,♦
Western Africa,-,-,-,-,-,-,^,^,^,^,^,^,^,^,^,^,^,^,^,^,^,^,^,^,^,0.1,0.1,0.1,0.1,0.1,0.1,0.1,0.1,0.1,0.1,0.2,0.2,0.2,0.2,0.3,0.3,0.3,0.3,0.3,0.2,0.2,0.2,0.2,0.2,0.2,0.2,0.2,0.3,0.2,0.3,0.2,0.2,0.20%,3.30%,♦
Other North Africa,-,-,-,-,-,-,-,-,-,-,-,-,-,-,-,-,-,-,-,-,-,-,-,-,-,-,-,-,-,-,-,-,-,-,-,-,-,-,-,-,-,-,-,-,-,-,-,-,-,-,-,-,-,-,-,-,-,-,-,♦
Other Southern Africa,-,-,-,-,-,-,-,-,-,-,-,-,-,-,-,-,-,-,-,-,-,-,-,-,-,-,-,^,0.1,0.1,0.2,0.2,0.2,0.2,0.2,0.1,0.1,0.2,0.1,0.2,0.2,0.2,0.2,0.1,0.1,0.2,0.3,0.3,0.3,0.2,0.2,0.2,0.2,0.2,0.2,0.2,0.2,♦,-3.30%,♦
Total Africa,-,-,-,-,-,-,0.2,0.2,0.2,0.2,0.2,0.2,0.2,0.2,0.2,0.2,0.2,0.2,0.2,0.2,0.3,0.7,0.7,0.6,0.6,0.8,0.8,0.8,0.9,0.8,1,1.3,1.4,1.7,1.7,2.3,2.3,2.3,2.6,3,3,3.8,3.1,3.3,3.6,3.8,3.9,4,4.4,5.5,7.2,7.2,7.6,8.2,8.3,8.1,8,-0.20%,7.60%,1.10%
,,,,,,,,,,,,,,,,,,,,,,,,,,,,,,,,,,,,,,,,,,,,,,,,,,,,,,,,,,,,
Australia,0.3,0.3,0.3,0.3,0.3,0.3,0.3,0.3,0.3,0.4,0.5,0.5,0.4,0.4,0.4,0.4,0.4,0.5,0.4,0.4,0.5,0.5,0.5,0.7,0.8,0.8,0.7,0.7,0.7,0.7,0.8,0.9,1,1.1,1.1,0.9,0.8,1.3,1.7,2.8,3.9,3.9,4.3,3.7,2.8,2.4,2.6,3.1,3.3,3.5,3.7,3.6,3.6,3.6,3.5,3.4,3.3,-1.70%,2.70%,0.40%
Bangladesh,-,-,-,-,-,-,-,-,-,-,-,-,-,-,-,-,-,-,-,-,-,-,-,-,-,-,-,-,-,-,-,-,-,-,-,-,-,-,-,-,-,-,-,-,^,^,^,^,^,^,^,^,^,^,^,^,^,♦,0.10%,♦
China,-,-,-,-,-,-,-,-,-,-,-,-,-,-,-,-,-,-,-,-,-,-,-,-,-,0.1,0.1,0.1,0.1,0.5,3,1.5,2.7,2.5,2.5,2.5,2.6,2.5,2.5,2.5,5.3,7.1,9.9,14.9,20.9,24.9,27.6,30.1,37.1,46.3,54.1,62.1,79.6,93.7,112.7,135.6,169.9,25.60%,19.90%,22.30%
China Hong Kong SAR,-,-,-,-,-,-,-,-,-,-,-,-,-,-,-,-,-,-,-,-,-,-,-,-,-,-,-,-,-,-,-,-,-,-,-,-,-,-,-,-,-,-,-,-,-,^,^,^,^,^,0.1,0.1,0.1,0.1,0.1,0.1,0.1,1.90%,5.80%,♦
India,-,-,-,-,-,-,-,-,-,-,-,-,-,-,-,-,-,-,-,-,-,-,-,-,-,^,0.1,0.1,0.3,0.4,0.6,0.8,1,1.3,1.7,1.7,2.1,2.1,2.7,3.3,4,5.6,7.4,9.3,11.6,14.3,17.1,19.9,22.5,24.7,30.6,24.8,24.9,27.2,31.5,32.9,35.5,8.00%,7.50%,4.70%
Indonesia,-,-,-,-,-,-,-,-,-,-,-,-,-,-,-,-,-,-,-,-,-,-,-,-,-,1.1,1.1,1.1,1.1,1.6,2.2,2.3,2.7,3.3,3.9,4.9,6,6.2,6.3,6.7,6.6,6.7,7,8.3,9.3,9.4,9.6,9.7,9.6,10.3,10.5,11.2,13.4,26.4,26.3,27.9,30.9,10.80%,12.40%,4.00%
Japan,-,-,-,-,-,0.2,0.2,0.2,0.3,0.3,0.4,0.4,0.5,0.8,1.1,1.1,1.1,9.9,11,12.1,12.7,13.8,14.8,16,17,11.3,11.7,11.9,11.6,13.5,14.3,15.2,16.4,16.2,16.5,16.1,16,16.9,17.9,18.1,21.7,21.5,22.2,21.3,20.3,21.8,21.1,22.1,23.2,23.6,28.5,23.7,27.4,30.1,32.2,34.8,35.8,3.00%,5.40%,4.70%
Malaysia,-,-,-,-,-,-,-,-,-,-,-,-,-,-,-,-,-,-,-,-,-,-,-,-,-,-,-,-,-,-,-,-,-,-,-,0.6,0.6,0.4,0.4,0.6,0.6,0.6,0.8,0.8,1.4,1.3,1.5,1.5,1.1,0.7,0.8,0.8,0.8,1.4,1.6,1.6,1.6,0.60%,0.60%,0.20%
New Zealand,1.3,1.4,1.1,1.3,1.3,1.3,1.3,1.3,1.2,2.1,2.1,2.1,2,2,1.9,2,1.9,2,2,2.1,2,2.1,2.1,2.1,2.6,3,3.1,3.1,3.2,3.1,3,3,3,3.3,3.6,3.7,3.5,3.4,3.3,3.4,3.8,4.1,4.3,4.9,5.6,6.6,6.9,7.2,7.6,8.4,9,8.9,9,8.9,9,9,9,0.20%,2.70%,1.20%
Pakistan,-,-,-,-,-,-,-,-,-,-,-,-,-,-,-,-,-,-,-,-,-,-,-,-,-,-,-,-,-,-,-,-,-,-,-,0.9,0.9,1,1,1.1,-,-,-,-,-,-,-,-,-,-,0.1,0.5,1.1,1,0.6,0.6,0.7,11.00%,-,0.10%
Philippines,-,-,-,-,-,-,-,-,-,-,-,-,^,^,0.6,2,3.9,3.9,4.9,5.4,5.9,5.6,4.9,5.2,5.7,5.9,5.8,5.7,5.7,6.3,6.1,6.5,7.2,8.9,10.6,11.6,10.4,10.2,9.8,10.3,9.9,10.5,10.2,10.7,10.3,10,10.1,10.4,9.8,10.5,11.4,11.8,11.3,11.5,11.7,12,10.8,-9.90%,0.70%,1.40%
Singapore,-,-,-,-,-,-,-,-,-,-,-,-,-,-,-,-,-,-,-,-,-,0.1,0.1,0.1,0.1,0.1,0.2,0.2,0.2,0.2,0.2,0.2,0.2,0.2,0.2,0.2,0.5,0.5,0.5,0.5,0.5,0.5,0.5,0.5,0.5,0.6,0.6,0.6,0.7,0.7,0.8,0.8,0.8,0.8,0.8,0.7,0.8,11.20%,2.30%,0.10%
South Korea,-,-,-,-,-,-,-,-,-,-,-,-,-,-,-,-,-,-,-,-,-,-,-,-,-,-,-,-,-,-,0.3,0.4,0.1,0.1,0.1,0.1,0.1,0.2,0.2,0.3,0.3,0.2,0.4,0.7,0.5,2.9,5.8,6.6,7.3,10.9,11.7,11.7,14.2,14.6,13.7,8.6,15.2,77.20%,10.10%,2.00%
Sri Lanka,-,-,-,-,-,-,-,-,-,-,-,-,-,-,-,-,-,-,-,-,-,-,-,-,-,-,-,-,-,-,-,-,-,-,-,-,-,-,-,^,^,^,^,^,^,^,^,^,^,^,0.1,0.1,0.1,0.1,0.1,0.1,0.1,9.20%,15.00%,♦
Taiwan,-,-,-,-,-,-,-,-,-,-,-,-,-,-,-,-,-,^,^,^,^,^,^,^,0.2,0.2,0.2,0.3,0.2,0.3,0.4,0.5,0.5,0.6,0.8,1,1.3,1.6,1.8,1.8,1.9,1.8,1.9,1.8,1.7,1.8,1.8,1.8,1.8,1.9,1.9,1.9,1.9,2,2,2,2,0.70%,0.80%,0.30%
Thailand,-,-,-,-,-,-,-,-,-,-,-,-,-,-,-,-,-,-,-,-,-,-,^,^,^,^,^,^,^,0.1,0.1,0.2,0.3,0.3,0.4,0.5,0.6,0.8,1.2,1.8,1.9,2,2.4,2.1,2.3,3.4,4,4.7,5.6,6.7,7.3,8.8,9.3,11.7,12.6,11.7,13,11.30%,12.60%,1.70%
Vietnam,-,-,-,-,-,-,-,-,-,-,-,-,-,-,-,-,-,-,-,-,-,-,-,-,-,-,-,-,-,-,-,-,-,-,-,-,-,-,-,-,^,0.1,0.1,0.1,0.1,0.1,0.1,0.1,0.1,0.1,0.1,0.1,0.1,0.1,0.1,0.1,0.2,25.60%,10.90%,♦
Other Asia Pacific,-,-,-,-,-,-,-,-,-,-,-,-,-,-,-,-,-,-,-,^,-,-,-,-,-,^,^,^,^,^,^,^,^,^,-,0.1,0.2,0.2,0.2,0.2,0.2,0.2,0.2,0.3,0.3,0.3,0.3,0.3,0.4,0.4,0.4,0.4,0.5,0.6,0.6,0.6,0.6,6.10%,6.10%,0.10%
Total Asia Pacific,1.6,1.6,1.4,1.6,1.6,1.8,1.8,1.8,1.8,2.8,3,2.9,2.9,3.2,4,5.5,7.4,16.3,18.4,20.1,21.1,22,22.3,24.1,26.4,22.5,23,23.2,23.1,26.6,31.1,31.7,35.3,37.8,41.5,45,45.6,47.3,49.5,53.4,60.5,64.8,71.5,79.4,87.7,99.8,109.2,118.3,130.2,148.8,171,171.4,197.8,233.8,259,281.9,329.4,17.20%,11.70%,43.20%
,,,,,,,,,,,,,,,,,,,,,,,,,,,,,,,,,,,,,,,,,,,,,,,,,,,,,,,,,,,,
Total World,18,19.8,20,22.1,23.3,25.7,27.9,29.9,32.1,34.3,34.8,38.8,40.9,43.3,46.5,49.7,53.5,61.7,68.4,76.3,79.1,85.9,92,94.6,104.5,117.2,122.2,131.1,135.5,140.6,146.6,150.7,161.4,168.2,176.6,184.8,191.9,206.5,218.1,235.7,255.1,271.8,294.8,315.4,338.8,380.8,402.4,435.7,471,510.3,551.1,560,596.4,643,674.7,703.9,762.8,8.70%,6.60%,100.00%
of which: OECD,18,19.8,20,22.1,23.3,25.1,25.6,27.6,29.7,31.8,32,35.5,37.3,39.3,41.6,43.4,44.8,52.4,57.3,65,67.2,73.9,80.2,82.6,91.6,101.8,106.8,114,118.7,121.8,124.1,127,134.3,138.6,142.1,145.5,150.3,162.9,171,185,200.8,210.7,224.8,233.8,243.8,267.6,281.2,303.7,322.4,339.3,359.3,361.2,375,384.4,389,388.2,410.1,5.90%,3.80%,53.80%
                 Non-OECD,-,-,-,-,-,0.6,2.3,2.3,2.4,2.5,2.8,3.3,3.6,4,4.9,6.3,8.7,9.3,11.1,11.3,11.8,12,11.8,12,13,15.4,15.5,17.1,16.8,18.8,22.5,23.7,27.1,29.6,34.5,39.2,41.6,43.6,47.1,50.7,54.3,61,70,81.6,95,113.1,121.1,132.1,148.6,171,191.8,198.8,221.5,258.6,285.7,315.7,352.7,12.00%,11.30%,46.20%
                 European Union #,2.9,4,4.3,4.8,5.2,6.9,7.1,6.9,7.4,7.8,8.3,8.3,8.6,9.1,9.3,10.4,10.1,9.3,9.6,9.9,11.4,12.3,12.1,12.8,12.7,17.3,17.9,18.7,20.6,21.3,23.4,23.4,27.9,31,31.6,34.5,37.5,43.1,49.1,58.6,66.8,75.9,84.7,94.2,103.2,117.4,125.3,139.6,146.6,152.8,157.9,159.7,162.7,164.4,168.3,170,180.1,6.20%,3.70%,23.60%
